{"cameraMode":{"drawMode":0,"name":"Shaded","section":"Shading Mode"},"sceneLighting":false,"audioPlay":false,"sceneViewState":{"showFog":true,"showMaterialUpdate":false,"showSkybox":false,"showFlares":true,"showImageEffects":true,"showParticleSystems":true,"showVisualEffectGraphs":true,"m_FxEnabled":true},"in2DMode":false,"pivot":{"x":0.33098965883255007,"y":1.755418062210083,"z":-0.6468672752380371},"rotation":{"x":-0.06206202134490013,"y":-0.00449169147759676,"z":-0.0002795311447698623,"w":0.9980632066726685},"size":2.066025495529175,"orthographic":false}