{"cameraMode":{"drawMode":0,"name":"Shaded","section":"Shading Mode"},"sceneLighting":false,"audioPlay":false,"sceneViewState":{"showFog":true,"showMaterialUpdate":false,"showSkybox":false,"showFlares":true,"showImageEffects":true,"showParticleSystems":true,"showVisualEffectGraphs":true,"m_FxEnabled":true},"in2DMode":false,"pivot":{"x":-1.7890806198120118,"y":0.22713422775268556,"z":-0.0043531060218811039},"rotation":{"x":-0.0793677493929863,"y":0.7299022674560547,"z":-0.08601919561624527,"w":-0.6734583377838135},"size":2.678086042404175,"orthographic":false}