{"cameraMode":{"drawMode":0,"name":"Shaded","section":"Shading Mode"},"sceneLighting":true,"audioPlay":false,"sceneViewState":{"showFog":true,"showMaterialUpdate":false,"showSkybox":true,"showFlares":true,"showImageEffects":true,"showParticleSystems":true,"showVisualEffectGraphs":true,"m_FxEnabled":true},"in2DMode":false,"pivot":{"x":3.6755788326263429,"y":20.265167236328126,"z":25.119792938232423},"rotation":{"x":0.004398223478347063,"y":-0.21227842569351197,"z":-0.0009523933986201882,"w":-0.9772031307220459},"size":1.574263334274292,"orthographic":false}