{"cameraMode":{"drawMode":0,"name":"Shaded","section":"Shading Mode"},"sceneLighting":true,"audioPlay":false,"sceneViewState":{"showFog":true,"showMaterialUpdate":false,"showSkybox":true,"showFlares":true,"showImageEffects":true,"showParticleSystems":true,"showVisualEffectGraphs":true,"m_FxEnabled":true},"in2DMode":false,"pivot":{"x":-0.016646742820739747,"y":2.177295684814453,"z":2.3560824394226076},"rotation":{"x":-0.002907347399741411,"y":0.9424489140510559,"z":-0.3342377543449402,"w":-0.008198552764952183},"size":10.03657054901123,"orthographic":false}