{"cameraMode":{"drawMode":0,"name":"Shaded","section":"Shading Mode"},"sceneLighting":true,"audioPlay":false,"sceneViewState":{"showFog":true,"showMaterialUpdate":false,"showSkybox":true,"showFlares":true,"showImageEffects":true,"showParticleSystems":true,"showVisualEffectGraphs":true,"m_FxEnabled":true},"in2DMode":false,"pivot":{"x":3.7993710041046144,"y":20.455228805541993,"z":25.102962493896486},"rotation":{"x":0.17228680849075318,"y":-0.20318898558616639,"z":-0.036342449486255649,"w":-0.9631816744804382},"size":1.574263334274292,"orthographic":false}