{"cameraMode":{"drawMode":0,"name":"Shaded","section":"Shading Mode"},"sceneLighting":false,"audioPlay":false,"sceneViewState":{"showFog":true,"showMaterialUpdate":false,"showSkybox":false,"showFlares":true,"showImageEffects":true,"showParticleSystems":true,"showVisualEffectGraphs":true,"m_FxEnabled":true},"in2DMode":false,"pivot":{"x":-1.344614028930664,"y":1.4234466552734376,"z":0.011685863137245179},"rotation":{"x":0.2428431361913681,"y":-0.027643462643027307,"z":0.006920321844518185,"w":0.9696435928344727},"size":3.866024971008301,"orthographic":true}