{"cameraMode":{"drawMode":0,"name":"Shaded","section":"Shading Mode"},"sceneLighting":false,"audioPlay":false,"sceneViewState":{"showFog":true,"showMaterialUpdate":false,"showSkybox":false,"showFlares":true,"showImageEffects":true,"showParticleSystems":true,"showVisualEffectGraphs":true,"m_FxEnabled":true},"in2DMode":false,"pivot":{"x":-0.06590801477432251,"y":1.0780936479568482,"z":-0.6023874282836914},"rotation":{"x":-0.006912241689860821,"y":0.9923267364501953,"z":-0.10457903891801834,"w":-0.0655888095498085},"size":1.7660253047943116,"orthographic":false}