{"cameraMode":{"drawMode":0,"name":"Shaded","section":"Shading Mode"},"sceneLighting":false,"audioPlay":false,"sceneViewState":{"showFog":true,"showMaterialUpdate":false,"showSkybox":false,"showFlares":true,"showImageEffects":true,"showParticleSystems":true,"showVisualEffectGraphs":true,"m_FxEnabled":true},"in2DMode":false,"pivot":{"x":-0.15619608759880067,"y":1.3583910465240479,"z":-0.6505944728851318},"rotation":{"x":-0.006912241689860821,"y":0.9923267364501953,"z":-0.10457903891801834,"w":-0.0655888095498085},"size":2.666025161743164,"orthographic":false}