{"cameraMode":{"drawMode":0,"name":"Shaded","section":"Shading Mode"},"sceneLighting":false,"audioPlay":false,"sceneViewState":{"showFog":true,"showMaterialUpdate":false,"showSkybox":false,"showFlares":true,"showImageEffects":true,"showParticleSystems":true,"showVisualEffectGraphs":true,"m_FxEnabled":true},"in2DMode":false,"pivot":{"x":1.7065343856811524,"y":-0.5543270111083984,"z":-0.37824076414108279},"rotation":{"x":-0.060896676033735278,"y":0.7011219263076782,"z":-0.06030724197626114,"w":-0.7078838348388672},"size":2.885856866836548,"orthographic":false}