{"cameraMode":{"drawMode":0,"name":"Shaded","section":"Shading Mode"},"sceneLighting":false,"audioPlay":false,"sceneViewState":{"showFog":true,"showMaterialUpdate":false,"showSkybox":false,"showFlares":true,"showImageEffects":true,"showParticleSystems":true,"showVisualEffectGraphs":true,"m_FxEnabled":true},"in2DMode":false,"pivot":{"x":0.4747549891471863,"y":1.432098627090454,"z":-0.07653331756591797},"rotation":{"x":0.21595504879951478,"y":0.07898904383182526,"z":-0.01753077283501625,"w":0.9730455279350281},"size":2.092724084854126,"orthographic":false}