{"cameraMode":{"drawMode":0,"name":"Shaded","section":"Shading Mode"},"sceneLighting":false,"audioPlay":false,"sceneViewState":{"showFog":true,"showMaterialUpdate":false,"showSkybox":false,"showFlares":true,"showImageEffects":true,"showParticleSystems":true,"showVisualEffectGraphs":true,"m_FxEnabled":true},"in2DMode":false,"pivot":{"x":0.3870536684989929,"y":6.936396598815918,"z":-4.746185302734375},"rotation":{"x":-0.0009562392951920629,"y":0.9737001657485962,"z":-0.22778989374637605,"w":-0.004088534973561764},"size":14.049091339111329,"orthographic":false}