{"cameraMode":{"drawMode":0,"name":"Shaded","section":"Shading Mode"},"sceneLighting":false,"audioPlay":false,"sceneViewState":{"showFog":true,"showMaterialUpdate":false,"showSkybox":false,"showFlares":true,"showImageEffects":true,"showParticleSystems":true,"showVisualEffectGraphs":true,"m_FxEnabled":true},"in2DMode":false,"pivot":{"x":1.6532173156738282,"y":0.25580906867980959,"z":-0.5191328525543213},"rotation":{"x":0.0010476030874997378,"y":0.9846224188804627,"z":-0.17459747195243836,"w":0.005907808430492878},"size":2.2124996185302736,"orthographic":false}