{"cameraMode":{"drawMode":0,"name":"Shaded","section":"Shading Mode"},"sceneLighting":false,"audioPlay":false,"sceneViewState":{"showFog":true,"showMaterialUpdate":false,"showSkybox":false,"showFlares":true,"showImageEffects":true,"showParticleSystems":true,"showVisualEffectGraphs":true,"m_FxEnabled":true},"in2DMode":false,"pivot":{"x":3.8001654148101808,"y":20.321269989013673,"z":24.970027923583986},"rotation":{"x":0.33168336749076846,"y":-0.039606887847185138,"z":0.013938871212303639,"w":0.9424564838409424},"size":0.6495189666748047,"orthographic":false}