{"cameraMode":{"drawMode":0,"name":"Shaded","section":"Shading Mode"},"sceneLighting":false,"audioPlay":false,"sceneViewState":{"showFog":true,"showMaterialUpdate":false,"showSkybox":false,"showFlares":true,"showImageEffects":true,"showParticleSystems":true,"showVisualEffectGraphs":true,"m_FxEnabled":true},"in2DMode":false,"pivot":{"x":-0.3995063900947571,"y":-0.17768168449401856,"z":0.04544401168823242},"rotation":{"x":-0.0030907485634088518,"y":0.9733496904373169,"z":-0.22893038392066956,"w":-0.013141023926436901},"size":2.8327510356903078,"orthographic":false}