{"cameraMode":{"drawMode":0,"name":"Shaded","section":"Shading Mode"},"sceneLighting":false,"audioPlay":false,"sceneViewState":{"showFog":true,"showMaterialUpdate":false,"showSkybox":false,"showFlares":true,"showImageEffects":true,"showParticleSystems":true,"showVisualEffectGraphs":true,"m_FxEnabled":true},"in2DMode":false,"pivot":{"x":-0.2421278953552246,"y":0.3062567710876465,"z":-0.7944049835205078},"rotation":{"x":-0.010072614066302777,"y":0.9765917062759399,"z":-0.20968513190746308,"w":-0.04691244289278984},"size":2.9660253524780275,"orthographic":false}