{"cameraMode":{"drawMode":0,"name":"Shaded","section":"Shading Mode"},"sceneLighting":false,"audioPlay":false,"sceneViewState":{"showFog":true,"showMaterialUpdate":false,"showSkybox":false,"showFlares":true,"showImageEffects":true,"showParticleSystems":true,"showVisualEffectGraphs":true,"m_FxEnabled":true},"in2DMode":false,"pivot":{"x":3.799370765686035,"y":20.455228805541993,"z":25.102962493896486},"rotation":{"x":0.004398223478347063,"y":-0.21227842569351197,"z":-0.0009523933986201882,"w":-0.9772031307220459},"size":0.8660253286361694,"orthographic":false}